{"cameraMode":{"drawMode":0,"name":"Shaded","section":"Shading Mode"},"sceneLighting":false,"audioPlay":false,"sceneViewState":{"showFog":true,"showMaterialUpdate":true,"showSkybox":false,"showFlares":true,"showImageEffects":true,"showParticleSystems":true},"in2DMode":false,"pivot":{"x":121.84600067138672,"y":1.0,"z":509.6570129394531},"rotation":{"x":-0.046430833637714389,"y":-0.04762503504753113,"z":0.0022151796147227289,"w":-0.997787594795227},"size":4.041658401489258,"orthographic":true}